name_en;name_en_metaphone;name_en_metaphone3_primary;name_en_metaphone3_secondary
Belgium;BLJMXXXX;BLJM;BLGM
Bolivia (Plurinational State of);BLFPLRNX;BLVPLRNXNLSTTF;BLVPLRNXNLSTTF
Comoros;KMRSXXXX;KMRS;KMRS
Switzerland;SWTSRLNT;STSRLND;XVTSRLND
Ghana;KHNXXXXX;GN;GN
Iran (Islamic Republic of);RNSLMKRP;ARNSLMKRPBLKF;ARNSLMKRPBLKF
Iraq;RKXXXXXX;ARK;ARK
Jamaica;JMKXXXXX;JK;JK
Netherlands;N0RLNTSX;N0RLNDS;N0RLNDS
Poland;PLNTXXXX;PLND;PLND
Vatican City;FTKNSTXX;VTKNST;VTKNST
Afghanistan;FKHNSTNX;AFGNSTN;AFGNSTN
Algeria;LJRXXXXX;ALJR;ALGR
Hong Kong;HNKKNKXX;HNKNG;HNKNG
Lao Peoples Democratic Republic;LPPLSTMK;LPPLSDMKRTKRPBLK;LPPLSDMKRTKRPBLK
Nauru;NRXXXXXX;NR;NR
Turkmenistan;TRKMNSTN;TRKMNSTN;TRKMNSTN
Zambia;SMBXXXXX;SMB;SMB
Australia;STRLXXXX;ASTRL;ASTRL
Bahamas;BMSXXXXX;BHMS;BHMS
Bosnia and Herzegovina;BSNNTHRS;BSNNDRTSGVN;BSNNDRTSGVN
Czech Republic;KSXRPBLK;XKRPBLK;XKRPBLK
France;FRNSXXXX;FRNS;FRNS
Korea (Republic of);KRRPBLKF;KRRPBLKF;KRRPBLKF
Philippines;FLPNSXXX;FLPNS;FLPNS
Saint Vincent and the Grenadines;SNTFNSNT;SNTVNSNTND0GRNDNS;SNTVNSNTND0GRNDNS
Armenia;RMNXXXXX;ARMN;ARMN
Azerbaijan;SRBJNXXX;ASRBJN;ASRBJN
Burundi;BRNTXXXX;BRND;BRND
Bangladesh;BNKLTXXX;BNGLDX;BNGLDX
Ecuador;KTRXXXXX;AKDR;AKDR
Ethiopia;0PXXXXXX;A0P;A0P
Gabon;KBNXXXXX;GBN;GBN
Gambia;KMBXXXXX;GMB;GMB
Haiti;HTXXXXXX;HT;HT
Kiribati;KRBTXXXX;KRBT;KRBT
Macao;MKXXXXXX;MK;MK
Myanmar;MYNMRXXX;MNMR;MNMR
Puerto Rico;PRTRKXXX;PRTRK;PRTRK
Qatar;KTRXXXXX;KTR;KTR
Slovakia;SLFKXXXX;SLVK;XLVK
Togo;TKXXXXXX;TG;TG
Ukraine;KRNXXXXX;AKRN;AKRN
Greece;KRSXXXXX;GRS;GRS
Mozambique;MSMBKXXX;MSMBK;MSMBK
Mauritius;MRTSXXXX;MRXS;MRTS
Botswana;BTSWNXXX;BTSN;BTSN
Central African Republic;SNTRLFRK;SNTRLFRKNRPBLK;SNTRLFRKNRPBLK
Finland;FNLNTXXX;FNLND;FNLND
Kazakhstan;KSKSTNXX;KSKSTN;KSKSTN
Marshall Islands;MRXLSLNT;MRXLLNDS;MRXLLNDS
Montenegro;MNTNKRXX;MNTNGR;MNTNGR
Malaysia;MLXXXXXX;MLJ;MLJ
Nepal;NPLXXXXX;NPL;NPL
New Zealand;NSLNTXXX;NSLND;NSLND
Peru;PRXXXXXX;PR;PR
United States of America;NTTSTTSF;ANTDSTTSFMRK;ANTDSTTSFMRK
Yemen;YMNXXXXX;AMN;AMN
Cameroon;KMRNXXXX;KMRN;KMRN
Cuba;KBXXXXXX;KB;KB
Dominican Republic;TMNKNRPB;DMNKNRPBLK;DMNKNRPBLK
Italy;TLXXXXXX;ATL;ATL
Liberia;LBRXXXXX;LBR;LBR
Sweden;SWTNXXXX;SDN;SDN
Tunisia;TNXXXXXX;TNJ;TNJ
Samoa;SMXXXXXX;SM;SM
Curaçao;KRXXXXXX;KR;KR
Denmark;TNMRKXXX;DNMRK;DNMRK
Indonesia;NTNXXXXX;ANDNJ;ANDNJ
Singapore;SNKPRXXX;SNGPR;SNGPR
El Salvador;LSLFTRXX;ALSLVDR;ALSLVDR
Uganda;KNTXXXXX;AGND;AGND
Uruguay;RKXXXXXX;ARG;ARG
Venezuela (Bolivarian Republic of);FNSLBLFR;VNSLBLVRNRPBLKF;VNSLBLVRNRPBLKF
Germany;JRMNXXXX;JRMN;GRMN
Guam;KMXXXXXX;GM;GM
Macedonia (the former Yugoslav Republic of);MSTN0FRM;MSDN0FRMRGSLVRPBLKF;MSDN0FRMRGSLVRPBLKF
Malawi;MLWXXXXX;ML;ML
Pakistan;PKSTNXXX;PKSTN;PKSTN
Portugal;PRTKLXXX;PRTGL;PRTGL
Canada;KNTXXXXX;KND;KND
Mali;MLXXXXXX;ML;ML
Northern Mariana Islands;NR0RNMRN;NR0RNMRNLNDS;NR0RNMRNLNDS
Sudan;STNXXXXX;SDN;SDN
Barbados;BRBTSXXX;BRBDS;BRBDS
Fiji;FJXXXXXX;FJ;FJ
Kyrgyzstan;KRJSSTNX;KRJSSTN;KRGSSTN
Saint Martin (French part);SNTMRTNF;SNTMRTNFRNXPRT;SNTMRTNFRNKPRT
Mauritania;MRTNXXXX;MRTN;MRTN
Zimbabwe;SMBBWXXX;SMBB;SMBB
Quebec;KBKXXXXX;KBK;KBK
Chile;XLXXXXXX;XL;XL
Croatia;KRXXXXXX;KRX;KRT
Saudi Arabia;STRBXXXX;SDRB;SDRB
American Samoa;MRKNSMXX;AMRKNSM;AMRKNSM
Bermuda;BRMTXXXX;BRMD;BRMD
Congo (Democratic Republic of the);KNKTMKRT;KNGDMKRTKRPBLKF0;KNGDMKRTKRPBLKF0
Costa Rica;KSTRKXXX;KSTRK;KSTRK
Guinea;KNXXXXXX;GN;GN
Isle of Man;SLFMNXXX;ALFMN;ALFMN
Japan;JPNXXXXX;JN;JN
Solomon Islands;SLMNSLNT;SLMNSLNDS;SLMNSLNDS
San Marino;SNMRNXXX;SNMRN;SNMRN
Suriname;SRNMXXXX;SRNM;SRNM
Turks and Caicos Islands;TRKSNTKK;TRKSNDKKSSLNDS;TRKSNDKKSSLNDS
Antigua and Barbuda;NTKNTBRB;ANTGNDBRBD;ANTGNDBRBD
Congo;KNKXXXXX;KNG;KNG
Honduras;HNTRSXXX;HNDRS;HNDRS
Saint Kitts and Nevis;SNTKTSNT;SNTKTSNDNVS;SNTKTSNDNVS
Romania;RMNXXXXX;RMN;RMN
Sao Tome and Principe;STMNTPRN;STMNDPRNSP;STMNDPRNSP
South Africa;S0FRKXXX;S0FRK;S0FRK
Bulgaria;BLKRXXXX;BLGR;BLGR
Brunei Darussalam;BRNTRSLM;BRNDRSLM;BRNDRSLM
Cyprus;SPRSXXXX;SPRS;SPRS
Micronesia (Federated States of);MKRNXFTR;MKRNSFDRTDSTTSF;MKRNSFDRTDSTTSF
Morocco;MRKKXXXX;MRK;MRK
Moldova (Republic of);MLTFRPBL;MLDVRPBLKF;MLDVRPBLKF
Madagascar;MTKSKRXX;MDGSKR;MDGSKR
Mongolia;MNKLXXXX;MNGL;MNGL
Sierra Leone;SRLNXXXX;SRLN;SRLN
Timor-Leste;TMRLSTXX;TMRLST;TMRLST
Viet Nam;FTNMXXXX;VTNM;VTNM
Angola;NKLXXXXX;ANGL;ANGL
Belize;BLSXXXXX;BLS;BLS
Hungary;HNKRXXXX;HNGR;HNGR
Ireland;RLNTXXXX;ARLND;ARLND
Kuwait;KWTXXXXX;KT;KT
Maldives;MLTFSXXX;MLDVS;MLDVS
Niger;NJRXXXXX;NJR;NGR
Nicaragua;NKRKXXXX;NKRG;NKRG
Palestine,State of;PLSTNSTT;PLSTNSTTF;PLSTNSTTF
Taiwan;TWNXXXXX;TN;TN
Argentina;RJNTNXXX;ARJNTN;ARGNTN
Colombia;KLMBXXXX;KLMB;KLMB
Jordan;JRTNXXXX;JDN;ADN
Namibia;NMBXXXXX;NMB;NMB
Serbia;SRBXXXXX;SRB;SRB
Tajikistan;TJKSTNXX;TJKSTN;TJKSTN
Cabo Verde;KBFRTXXX;KBVRD;KBVRD
Georgia;JRJXXXXX;JRJ;GRG
Republic of Kosovo;RPBLKFKS;RPBLKFKSV;RPBLKFKSV
Luxembourg;LKSMBRKX;LKSMBRG;LKSMBRG
Oman;MNXXXXXX;AMN;AMN
Russian Federation;RXNFTRXN;RXNFDRXN;RXNFDRXN
Somalia;SMLXXXXX;SML;SML
Seychelles;SXLSXXXX;SXLS;SKLS
Chad;XTXXXXXX;XD;XD
Tuvalu;TFLXXXXX;TVL;TVL
Andorra;NTRXXXXX;ANDR;ANDR
Bahrain;BRNXXXXX;BRN;BRN
Brazil;BRSLXXXX;BRSL;BRSL
Djibouti;TJBTXXXX;JBT;JBT
Dominica;TMNKXXXX;DMNK;DMNK
Estonia;STNXXXXX;ASTN;ASTN
Guatemala;KTMLXXXX;GTML;GTML
Israel;SRLXXXXX;ASRL;ASRL
Monaco;MNKXXXXX;MNK;MNK
Malta;MLTXXXXX;MLT;MLT
Senegal;SNKLXXXX;SNGL;SNGL
Sint Maarten (Dutch part);SNTMRTNT;SNTMRTNDXPRT;SNTMRTNDXPRT
Vanuatu;FNTXXXXX;VNT;VNT
Aruba;RBXXXXXX;ARB;ARB
Benin;BNNXXXXX;BNN;BNN
Belarus;BLRSXXXX;BLRS;BLRS
Cayman Islands;KMNSLNTS;KMNSLNDS;KMNSLNDS
Gibraltar;JBRLTRXX;JBRLTR;GBRLTR
Guinea-Bissau;KNBSXXXX;GNBS;GNBS
Grenada;KRNTXXXX;GRND;GRND
India;NTXXXXXX;AND;AND
Libya;LBYXXXXX;LB;LB
Saint Lucia;SNTLXXXX;SNTLX;SNTLS
Latvia;LTFXXXXX;LTV;LTV
Korea (Democratic Peoples Republic of);KRTMKRTK;KRDMKRTKPPLSRPBLKF;KRDMKRTKPPLSRPBLKF
South Sudan;S0STNXXX;S0SDN;S0SDN
Trinidad and Tobago;TRNTTNTT;TRNDDNTBG;TRNDDNTBG
Albania;LBNXXXXX;ALBN;ALBN
Bhutan;BHTNXXXX;BTN;BTN
Côte dIvoire;KTTFRXXX;TDVR;TDVR
Sri Lanka;SRLNKXXX;SRLNK;SRLNK
Panama;PNMXXXXX;PNM;PNM
Syrian Arab Republic;SRNRBRPB;SRNRBRPBLK;SRNRBRPBLK
Uzbekistan;SBKSTNXX;ASBKSTN;ASBKSTN
Austria;STRXXXXX;ASTR;ASTR
Egypt;JPTXXXXX;AJPT;AGPT
Eritrea;RTRXXXXX;ARTR;ARTR
Faroe Islands;FRSLNTSX;FRSLNDS;FRSLNDS
Equatorial Guinea;KTRLKNXX;AKTRLGN;AKTRLGN
Greenland;KRNLNTXX;GRNLND;GRNLND
Guyana;KYNXXXXX;GN;GN
Lithuania;L0NXXXXX;L0N;L0N
Mexico;MKSKXXXX;MKSK;MKSK
Norway;NRWXXXXX;NR;NR
Rwanda;RWNTXXXX;RND;RND
Swaziland;SWSLNTXX;SSLND;SSLND
Thailand;0LNTXXXX;TLND;TLND
United Arab Emirates;NTTRBMRT;ANTDRBMRTS;ANTDRBMRTS
Spain;SPNXXXXX;SPN;SPN
United Kingdom of Great Britain and Northern Ireland;NTTKNKTM;ANTDKNGDMFGRTBRTNNDNR0RNRLND;ANTDKNGDMFGRTBRTNNDNR0RNRLND
Iceland;SLNTXXXX;ASLND;ASLND
Kenya;KNYXXXXX;KN;KN
Lesotho;LS0XXXXX;LS0;LS0
Nigeria;NJRXXXXX;NJR;NGR
Palau;PLXXXXXX;PL;PL
Papua New Guinea;PPNKNXXX;PPNGN;PPNGN
Burkina Faso;BRKNFSXX;BRKNFS;BRKNFS
China;XNXXXXXX;XN;XN
Cambodia;KMBTXXXX;KMBD;KMBD
Lebanon;LBNNXXXX;LBNN;LBNN
Liechtenstein;LXTNSTNX;LKTNSTN;LXTNSTN
Paraguay;PRKXXXXX;PRG;PRG
Slovenia;SLFNXXXX;SLVN;XLVN
Tonga;TNKXXXXX;TNG;TNG
Turkey;TRKXXXXX;TRK;TRK
Tanzania,United Republic of;TNSNNTTR;TNSNNTDRPBLKF;TNSNNTDRPBLKF
Virgin Islands (British);FRJNSLNT;VRJNSLNDSBRTX;VRGNSLNDSBRTX
